{
  "info": [
    {
      "text": "消息日志....",
      "color": "#FF0000"
    }
  ],
  "scene": {
    "car": {
      "size": {
        "x": 5.022,
        "y": 2.268,
        "z": 1.756
      },
      "offset": {
        "x": 1.4140000000000001,
        "y": 0,
        "z": 0
      }
    },
    "camera": {
      "front_narrow": {
        "size": {
          "radius": 3.2153903091734723,
          "height": 12
        },
        "position": {
          "x": 2.028,
          "y": 0.083,
          "z": 1.278
        },
        "rotation": {
          "x": 0.9998749394275523,
          "y": -0.009445054883865822,
          "z": -0.012684496166166515
        },
        "color": "#ff9f2b"
      },
      "front_left": {
        "size": {
          "radius": 10.39230484541326,
          "height": 6
        },
        "position": {
          "x": 1.7259944677352905,
          "y": 0.6133446097373962,
          "z": 1.6677093505859375
        },
        "rotation": {
          "x": 0.762244262263402,
          "y": 0.6471723459625085,
          "z": 0.01231418969746878
        },
        "color": "#00F5FF"
      },
      "front_right": {
        "size": {
          "radius": 10.39230484541326,
          "height": 6
        },
        "position": {
          "x": 1.7204934358596802,
          "y": -0.5818726420402527,
          "z": 1.6846823692321777
        },
        "rotation": {
          "x": 0.7556665778955312,
          "y": -0.6547491265747643,
          "z": 0.016480421755538543
        },
        "color": "#00F5FF"
      },
      "front_wide": {
        "size": {
          "radius": 10.39230484541326,
          "height": 6
        },
        "position": {
          "x": 2.070744752883911,
          "y": -0.182173490524292,
          "z": 1.53648042678833
        },
        "rotation": {
          "x": 0.9998503080699863,
          "y": -0.016307889593052738,
          "z": -0.0057805007892031135
        },
        "color": "#ff9f2b"
      },
      "rear_left": {
        "size": {
          "radius": 10.39230484541326,
          "height": 6
        },
        "position": {
          "x": 2.5759880542755127,
          "y": 0.9725189805030823,
          "z": 0.8257842659950256
        },
        "rotation": {
          "x": -0.5631151704742257,
          "y": 0.8262539170033651,
          "z": 0.014344665153982028
        },
        "color": "#c72dff"
      },
      "rear_right": {
        "size": {
          "radius": 10.39230484541326,
          "height": 6
        },
        "position": {
          "x": 2.5711348056793213,
          "y": -0.9743624925613403,
          "z": 0.817512571811676
        },
        "rotation": {
          "x": -0.5630011429567312,
          "y": -0.8260603404410536,
          "z": 0.02557395119696515
        },
        "color": "#c72dff"
      },
      "rear_narrow": {
        "size": {
          "radius": 7.999999999999999,
          "height": 8
        },
        "position": {
          "x": -0.666,
          "y": -0.024,
          "z": 1.718
        },
        "rotation": {
          "x": -0.9997613101704123,
          "y": 0.001400559686184466,
          "z": -0.021802777779587945
        },
        "color": "#00FF7F"
      }
    }
  }
}
